,Unnamed: 0,tweet_id,name,username,tweet,created_at,label
0,0,1568741142619127808,Imaâ·,AgfImAl,"@hazelnutrain @infotwitwor_ anying, cari jawaban dr brainly donh, nangis bgtğŸ˜­ğŸ˜­",2022-09-10 23:20:08+00:00,0.0
1,1,1568739439643447298,Hadiah Kecap,NingsihOks,RT @Rifxsyndrome: @ModalYakinnn @infotwitwor_ Yang paling ngakak bagian dia ketawan copas wkwkw dari brainly lagi wkwkw anjir,2022-09-10 23:13:22+00:00,0.0
3,3,1568709961819246592,Alin,Aulia_Linn,udah ketauan nyontek brainly masih aja ngelak. ckckck YAAMPON URAT MALU LU UDAH PUTUS APE GIMANA SIğŸ˜­ğŸ˜­ https://t.co/dny8rMKuMC,2022-09-10 21:16:14+00:00,0.0
5,5,1568695258879512576,kio,toomoey,DARI BRAINLY NGENTOT LUPIKIR LAGI KUIS N ULANGAN BANGSTAYY KOCAGG https://t.co/j78Xaa9TFm https://t.co/uWH8hNHai5,2022-09-10 20:17:49+00:00,0.0
12,12,1568654856654815232,bunny,bbakmigm,bangsat pake brainly NGAKAKKKKK https://t.co/ssx51xKJJv,2022-09-10 17:37:16+00:00,0.0
16,16,1568651166803959808,M. Zimam Ihsanul Faqih,Zimam_Faqih,bgst copas brainly wkwkkwkw https://t.co/eItTwvF9JK,2022-09-10 17:22:36+00:00,0.0
18,18,1568648936730275840,sheyÂ²Â²,amoursn_,"@infotwitwor_ mbak, katanya calon guru, debat pake acara copas brainlyğŸ˜­",2022-09-10 17:13:45+00:00,0.0
20,20,1568642540257280001,ğ‘ºğ’‚ğ’ğ’.ğŸ§šğŸ»â€â™€ï¸,ceweperi,Wkwkwk guru copas brainlyğŸ¤£ https://t.co/H58WkqTapk,2022-09-10 16:48:20+00:00,0.0
23,23,1568630683891007488,alâ€™,nisallikaa,ngopas nya dari brainly lg anjğŸ˜­ğŸ˜­ https://t.co/mswqSkZ2Qr,2022-09-10 16:01:13+00:00,0.0
27,27,1568614764426973191,jiminmodee,parkyooraa_,"Itu mbak eriska tengil bgt sih mana ketaunan browsing di brainly lagi wkwk, dia tuh sebenerny udah malu, cuma berusaha buat nutupin ajaa kwowkwok",2022-09-10 14:57:57+00:00,0.0
31,31,1568607344514461696,pety,ihhnaon,copas di brainly anjirr.. KETAWA BANGET ğŸ˜­ğŸ¤£ğŸ¤£ https://t.co/PWVCnaul9b,2022-09-10 14:28:28+00:00,0.0
32,32,1568606077348114432,ğŸ„,bubbIenmushroom,MALU BANGET ANJYNGGG WKKWKWKWK calon guru tpi copas brainly https://t.co/033uGFUhpC,2022-09-10 14:23:26+00:00,0.0
33,33,1568601794162606082,an,whxterose__,Ini tolol bgt si anjir copast dr brainly cokğŸ˜­ğŸ˜­ğŸ˜­ https://t.co/OxCelRtZUK,2022-09-10 14:06:25+00:00,0.0
36,36,1568595767316852736,tera~,xmonsterax,"@infotwitwor_ Kocak njir, bisaÂ²nya copas dr brainly
Si paling calon gr
Astaghfirullahalazim",2022-09-10 13:42:28+00:00,0.0
40,40,1568585773326438406,Sonz,nurihsan_em,"Lah si tai ngopas brainly, beyond ajg wkwkwk https://t.co/tPJeI2XxdH",2022-09-10 13:02:45+00:00,0.0
41,41,1568581683682885636,Î¹É•É‘,urfavogurll__,MALU BGT ANJIR COPAS BRAINLY ğŸ˜­ https://t.co/LpCc4Ot0Q4,2022-09-10 12:46:30+00:00,0.0
42,42,1568580743613521920,orangstrws,anaknyajihyo,"Alahh anjinggğŸ˜­ğŸ˜­ğŸ˜­mau debat buka brainly segala, simulasi ulangan lu??? https://t.co/grdMzwzgXw",2022-09-10 12:42:46+00:00,0.0
45,45,1568566518279213057,carlos,lanaticsswiftie,BRAINLY AJG NGAKAK https://t.co/0CArrf8JJA,2022-09-10 11:46:15+00:00,0.0
48,48,1568563703729225731,Muggleborn,alths27,"@Askrlfess sumpah dongo banget calon guru satu ini, mana udh ketauan ambil jawaban dri brainly tetep aje ngeyel. gak rela gw modelan kek begini jadi guru nanti",2022-09-10 11:35:04+00:00,0.0
49,49,1568563186487672832,serin,serinagustd,weeeh si paling calon guru bisa copas di brainlyğŸ˜­ğŸ˜­ğŸ˜­ https://t.co/zOrRKF9aDF,2022-09-10 11:33:00+00:00,0.0
52,52,1568562322767216642,à¸…Û¶â€¢ï»Œâ€¢âœ¿,zuiaicha,"@infotwitwor_ @syopbee tayo iki lawak pol, onok wong debat golek jawaban ndek brainlyğŸ˜­ğŸ˜­ğŸ˜­",2022-09-10 11:29:34+00:00,0.0
53,53,1568561668254502912,indomiee,xxxanakayam,"@TimpalBali kek gini masi di tanya ci, sana tanya brainly anj",2022-09-10 11:26:58+00:00,0.0
58,58,1568557458658054146,celalucayankkamu,naufalrajendra,@infotwitwor_ anjing dari brainly,2022-09-10 11:10:15+00:00,0.0
60,60,1568554090803924992,Rotiselainanas,Rotiselainanas1,RT @vzmevyez: @hazelnutrain ini bagian ter ngakak skligus nunjukin kebodohan dia si WKWKWWK bisa2nyaaa copas dri brainly anjir. mnaa ps dhâ€¦,2022-09-10 10:56:52+00:00,0.0
61,61,1568553891440259078,Ñ”â„“Ñ•Ñ” â€¢ DaSH,gyuljaestsx,"mahasiswa mana yang masih menjawab pertanyaan dan kasih argumen hasil copaste brainly hahhhğŸ¤£ even di pembelaan pertama dia yg mengenai kompres-mengompres pun jg diambil kasar dr gugel, plus keknya gak dia baca sepenuhnya tuh.. kocak bocah e https://t.co/mjU0LvWPSi",2022-09-10 10:56:04+00:00,0.0
63,63,1568552413749211136,ã€Œkeyã€chapter7:teenğ–§·,woopswoodz,COPAS BRAINLY YA ALLAH WKWKWK ANAK KULIAHAN MASI COPAS BRAINLY KATA GW BALIK SD AJA MBAğŸ˜­ğŸ˜­ğŸ˜­ https://t.co/iEiwLkmAw3,2022-09-10 10:50:12+00:00,0.0
69,69,1568547054154317824,ice cream,sendhiagustina,Brainly anjjj wkwk https://t.co/vMMIk2y5q7,2022-09-10 10:28:54+00:00,0.0
70,70,1568546207584374785,azizahnabila,yupikenyallll,@infotwitwor_ JAHAHA malu bgtt ketahuan copas dri brainlyğŸ˜­,2022-09-10 10:25:32+00:00,0.0
71,71,1568546206204440577,berry,tothepinkllow,anjir nyontek ke brainly https://t.co/B3KDGfO1oi,2022-09-10 10:25:32+00:00,0.0
72,72,1568546176768835590,dandel,nayeoene,anjir calon guru nyontek brainly ğŸ˜­â˜ https://t.co/hk1cNZQAK7,2022-09-10 10:25:25+00:00,0.0
73,73,1568544459830476801,nana | mention after dm,midveluv,@nixyposie_ yg anehnya tu dia mahasiswa tp bisa2nya nyari info lewat artikel gugel + brainly ğŸ˜­ pdhl kalau mahasiswa nyari info valid tu biasanya lewat jurnal2 gt,2022-09-10 10:18:36+00:00,0.0
74,74,1568542964703707138,poteto scream,scaredyc4t,Ttt-tapi klo gurunya kyk lo takut Indonesia mengalami kemunduran sih jujur ğŸ˜­ğŸ‘. Masa cari data pake jawaban brainly ğŸ˜­ğŸ˜­ğŸ˜­ https://t.co/vrLFFaa8Li,2022-09-10 10:12:39+00:00,0.0
75,75,1568536624920920065,windy,ythbapaksungjin,@143637KYH Yg parahnya jelas2 ketauan copas dri brainly ehh masih aja nyangkal. Kek gitu mau jadi guru??ğŸ˜®â€ğŸ’¨,2022-09-10 09:47:28+00:00,0.0
76,76,1568535560469516288,monaaağŸ¦•,hiimonaa,"@via_viii @infotwitwor_ menangis baca komenan dia, sia2 bgt gua kuliah ya berarti 5thn kalah sm org yg suka buka brainly wkwk
masih mahasiswa guru, ga kebayang sih bsk kalau dia udh lulus ngasih materi ke muridnya jalur brainlyğŸ¤ªğŸ¤£",2022-09-10 09:43:14+00:00,0.0
82,82,1568526077664047109,LUNA,delijght,EH ELU DARIPADA MODAL FAFIFU WAS WES WOS COPAS BRAINLY SINI DAH KERJAIN ASKEP GUE https://t.co/7sWJGzlAjP,2022-09-10 09:05:33+00:00,0.0
85,85,1568521399668715525,kynn,whykinan,@infotwitwor_ kocak bgt debat sama yg udah jadi profesinya dan ada evidence based vs opini mbak calon guru bermodalkan kebiasaan keluarga dan copas brainly wkwk,2022-09-10 08:46:58+00:00,0.0
86,86,1568520561676156928,kyn,kynniewinnie,pake brainly ajg wkwkwkkwk https://t.co/rjWQBWE66m,2022-09-10 08:43:38+00:00,0.0
88,88,1568511820570464261,Jojo,sanfgah,â€˜CALON GURUâ€™ KOK PERCAYA SAMA BRAINLY. udah kayak anak sekolah aja https://t.co/pKAX9UDGvM,2022-09-10 08:08:54+00:00,0.0
89,89,1568509504568061952,derbyanoe,hoommaaan,perbedaan kuliah dan sma hanya terletak pada soal yang tidak tersedia di brainly,2022-09-10 07:59:42+00:00,0.0
90,90,1568509159896907782,shasha sibuk Â²â´,littlerainfairy,calon guru mana yang copas dari brainly hahshahahshahhshsh lawak bgt dah https://t.co/zf7ozvSaZG,2022-09-10 07:58:19+00:00,0.0
91,91,1568508620232617985,nana | mention after dm,midveluv,"@infotwitwor_ sumpah gw jadi bingung, kok bisa mahasiswa nyari informasi via artikel google doang bukan jural ilmiah dll? parahnya lagi dia ada yg copas brainly cuy. bukannya kalau bikin tugas makalah gitu sumbernya pake jurnal ilmiah ya? harusnya tau dong nyari sumber info yg valid di mana ğŸ˜­",2022-09-10 07:56:11+00:00,0.0
93,93,1568507564467585026,iChiroMushy,iChiroMushy,@madmoiselledrie @journal_nct @wuthapppen Padahal udah pake data science malah dibales pake skrisutan brainly ğŸ˜‚,2022-09-10 07:51:59+00:00,0.0
96,96,1568502261231546368,baahri poetra,unrealstranger,@tanyakanrl Salah satu bagian terbaik itu pas dia nimpalin tweet si Ners pake copy paste jawaban di Brainly ğŸ˜­,2022-09-10 07:30:55+00:00,0.0
97,97,1568500282321158148,Diamond MlğŸ“Œ/ SL September + 20ğŸ’ = 100k,meythilda,@hnybnnys Ada lagi yg ketikannya nyolong di brainly. Malu bgtt ğŸ˜­,2022-09-10 07:23:03+00:00,0.0
101,101,1568494214786482176,ğŸ°,nrhwkhyrn,@flowfies Masih sempet serrch brainly bengek banget yatuhan hahahağŸ˜­,2022-09-10 06:58:56+00:00,0.0
107,107,1568491222108602370,ğŸœ,sthruberry,katanya calon guru tp copas dari brainly anjir ğŸ˜­ https://t.co/d1drpf24rd,2022-09-10 06:47:03+00:00,0.0
108,108,1568489215712952321,entut,erlinakarlitaa,kgn cari jwban dari brainly aja gaperlu pke jurnal2 tai,2022-09-10 06:39:04+00:00,0.0
109,109,1568487956578709506,deyaa,dkhaizure,dari brainly anj ngabruttt https://t.co/jvi6ePBoBO,2022-09-10 06:34:04+00:00,0.0
110,110,1568487096268238848,akun toxic inie,pecintaipa,"anak go gamau buat kunci jawaban buat soal pendalaman materi di brainly kah anjg, anjrit gua stress bat ini GADA JAWABANNYA BANGKEEE GATAU GUAAAğŸ˜­ğŸ˜­ğŸ˜­ğŸ˜­",2022-09-10 06:30:39+00:00,0.0
111,111,1568486450374778880,Ù‹,yourmars_,WKWKWKWKWKWK ANJ DARI BRAINLY https://t.co/MlaVJZf647,2022-09-10 06:28:05+00:00,0.0
113,113,1568482683600388097,gween ğŸ¯,monsieurie,NGAKAAKKK CALON GURU TP MSH USING BRAINLY ğŸ˜­ğŸ˜­ aduh mba wkakaaka https://t.co/7cUFpDCMHL,2022-09-10 06:13:07+00:00,0.0
124,124,1568476391930462209,Ù,chintarchive,HAHAHAHA malu bgt ketauan copas dari brainly https://t.co/OScAtBuckc,2022-09-10 05:48:07+00:00,0.0
125,125,1568475336979140610,tan ğ™Šğ˜¿ğ™”ğ™ğ™ğ™€ğ™” : ğ˜¿ğ™–ğ™ğ™ƒ,titanielse,yang dikit lagi jadi guru tapi copas BRAINLYğŸ˜­ğŸ˜­ğŸ˜­ https://t.co/rOCeg7x9jJ,2022-09-10 05:43:55+00:00,0.0
132,132,1568470695939829768,MOOF,Shyhii_,Anjir mana mana ketauan copas di brainly lagi buat bahan debatnyağŸ˜­ https://t.co/s0znJOE0iG,2022-09-10 05:25:29+00:00,0.0
137,137,1568468034809102340,ğŸ»â€â„ï¸ï£¿,lanjutpart2,WKWKWKWKKWKWKWKWK BRAINLY DONG ANJ https://t.co/ZzDK9pizbp,2022-09-10 05:14:54+00:00,0.0
139,139,1568466106687574018,AL,alekilef,BRAINLY ANJIR ğŸ˜­ NGAKAK https://t.co/iilpG0EZC2,2022-09-10 05:07:15+00:00,0.0
146,146,1568462831288463364,NEARSIGHTED,RabunJauh30,Awowkwk mba mba itu melawan argumen seorang ners pake skrinsotan brainly ğŸ˜­,2022-09-10 04:54:14+00:00,0.0
147,147,1568459487367041025,Lintang,aglimpseofred,Anjir copasnya dari brainly lagi wkwk https://t.co/WS8FECmdE9,2022-09-10 04:40:57+00:00,0.0
148,148,1568458852580098048,floo,pacarnyaadhandy,"Emang bener sih, kalau beropini itu bebas. Asalkan beropini sesuai dengan data yang valid. Udah ngotot, sok bener, mana datanya itu data web yang belum dibaca detail dan dari brainly yang kurang valid pulağŸ˜­",2022-09-10 04:38:25+00:00,0.0
151,151,1568455935928180738,upa,maechiato,Calon guru copas dari brainlyğŸ˜‹ğŸ˜‹ https://t.co/ZJjNX2WMhl,2022-09-10 04:26:50+00:00,0.0
152,152,1568455916445663240,D G S T M,dhgustama,@infotwitwor_ Calon guru tapi cari jawaban di Brainly wkwkwk,2022-09-10 04:26:45+00:00,0.0
159,159,1568452211268792324,misì—¥,gay4emma,dikit lagi guru dikit lagi guru eh liat brainly https://t.co/DCRAwjUc88,2022-09-10 04:12:02+00:00,0.0
161,161,1568450258132414464,unknown,snuraimah_,@UcupKeling @fbrrrnnnn @Deanj1_ @urikaeureka @Hana_restu20 @howlisheet @LycentusProm @infotwitwor_ gurunya aja belajar di brainly wkwk,2022-09-10 04:04:16+00:00,0.0
162,162,1568449465195057153,Gema,gemalahaza,"@lovingsubake jangan percaya brainly deh, sesat :""",2022-09-10 04:01:07+00:00,0.0
180,180,1568435321548963841,ğ™šğ™ â˜€ï¸,starohae_,"mana copasnya di brainly lg, calon guru loh mbakkkğŸ¤£ğŸ¤£",2022-09-10 03:04:55+00:00,0.0
181,181,1568434494981689344,â˜•,rivanisasi,@infotwitwor_ Awokwokwok modal brainly tapi ngotot banget anjing wkwkwk tolol,2022-09-10 03:01:38+00:00,0.0
183,183,1568434033398550530,Hamba Tuhan,gxuest,@infotwitwor_ anjinh sampe brainly,2022-09-10 02:59:48+00:00,0.0
194,194,1568428739226386436,***o â‰· ê¦†ê¦ ê§€ê¦—ê¦³ê¦¶ â‰·,parttimerant,Bgst copas jawaban dari brainly anjg ğŸ’€ğŸ’€ğŸ’€ğŸ’€ https://t.co/yCg1Mwn2we,2022-09-10 02:38:46+00:00,0.0
195,195,1568427786561540096,haren,avoidpeeps,"@rgntabskra gedek anying, sok tau bgt, tau tau copas brainly",2022-09-10 02:34:58+00:00,0.0
197,197,1568427753296531456,Aila,ayennuna,"Demi apa sih gw malu bgtğŸ˜­ lu yg nyolot + plagiat, gw yg malu anjritğŸ˜­

Si rizal ini keknya cenayang deh bisa2nya nemu di brainlyğŸ˜­ https://t.co/6lbEyU3aue",2022-09-10 02:34:51+00:00,0.0
199,199,1568426880621232129,ĞÑ€Ñ…Ğ¸Ğ¿ĞµĞ»Ğ°Ğ³,nasiypadankk,copas dari brainly ğŸ’€ MALU BGT https://t.co/PaqrgBlQwS,2022-09-10 02:31:22+00:00,0.0
203,203,1568422903733170176,`,echathekid,calon guru tapi sumbernya brainly ğŸ˜­ğŸ˜­ğŸ˜­ https://t.co/f8wuyfrtzZ,2022-09-10 02:15:34+00:00,0.0
204,204,1568422001777479680,ğŸŒ·,fIowerpuffgirl,Malu bgt ketauan copas brainlyğŸ˜” https://t.co/DBfO0r1Xeh,2022-09-10 02:11:59+00:00,0.0
213,213,1568417243691905024,â™¡âƒ• á´„Ê€Ê Ê™á´€Ê™Ê,crserror,"ANJING HAHAHAA COPAS DONG

CALON GURU KOK MASIH NYARI BRAINLY LAWAKKK https://t.co/PHxZurhgfG",2022-09-10 01:53:05+00:00,0.0
214,214,1568416891982745600,â™¡ naxieâœ§*ã€‚,uletbulugembul,@cimothy_sky WKWKWKWKWK KOCAK NJIR NYONTEK BRAINLY,2022-09-10 01:51:41+00:00,0.0
222,222,1568411965311287297,pemiliknya,udahsenang,@infotwitwor_ COPASNYA DARI BRAINLY ANJG WKWKWKWKWK,2022-09-10 01:32:06+00:00,0.0
228,228,1568410467806380032,yudd,_Shirokamii,WKWKWKW ANJG MALU BANGET COPAS BRAINLY https://t.co/Pef4QNcFFc,2022-09-10 01:26:09+00:00,0.0
233,233,1568407539888586752,dep,aadepee,"@infotwitwor_ Wkwkwk brainly, bangke ğŸ˜­ğŸ˜­ğŸ˜­ğŸ˜­",2022-09-10 01:14:31+00:00,0.0
241,241,1568404040534589440,hektor,mdvllain,ANYING DEBAT COPAS BRAINLY YA ALLAH,2022-09-10 01:00:37+00:00,0.0
245,245,1568402493008408577,âš˜,andsootm,Wkwkk copas brainly. Maluu bgt anjirr https://t.co/lzLtcN4OZO,2022-09-10 00:54:28+00:00,0.0
259,259,1568389661525164032,ays,fluffiecream,"wkwkwkwk calon guru katanya, tp copas brainly ğŸ˜­ğŸ˜­ğŸ˜­ğŸ˜­ ngakak bgt monmaap https://t.co/M3NCYw6tmR",2022-09-10 00:03:29+00:00,0.0
267,267,1568384897131384832,fyuhhh,ujeudda,Aneh calon guru tapi ginian aja copas dari brainly wkwkwk https://t.co/JgcdwqTLGN,2022-09-09 23:44:33+00:00,0.0
273,273,1568373989311152128,clo,lattemornx,katanya calon guru tapi malah copas di brainlyğŸ˜­ğŸ˜­ğŸ˜­ https://t.co/FpEBsmAhnV,2022-09-09 23:01:12+00:00,0.0
274,274,1568373282382151680,cctzu ğŸ¤ŸğŸ¸ || REST!!!,tzu__cc,"Najis.
Sok paling tahu, padahal hasil copas brainly.
Malu ga sih? Haha
Debat sama ners, sedangkan dia 0 pengetahuan, omongan dia berdasarkan turun temurunnya (padahal mungkin belom tentu bener) https://t.co/RQ3K7spi4D",2022-09-09 22:58:24+00:00,0.0
278,278,1568361849443463169,â€Ù,markhvuck,ada calon guru tapi copas brainly FREAK https://t.co/5Z7aw8iLNE,2022-09-09 22:12:58+00:00,0.0
279,279,1568359158432546816,â€”kyu ê·œ,smileycloudkyu,Pls calon guru tapi masih cari di brainlyğŸ˜­ğŸ˜­ğŸ˜­ğŸ˜­ cari di paper noh baru valid https://t.co/y3w10mhz4n,2022-09-09 22:02:16+00:00,0.0
283,283,1568322030273196033,Official halu,capekbaikk,"RT @peanut_cane: @angelicacile @erfinov98_ @missunaaa_ @afrkml wakakakakk udah goblok ngotot, bahan ngototnya ambil di brainly pisan.",2022-09-09 19:34:44+00:00,0.0
284,284,1568321457138339841,exol dayyy,aaprilhy,"@erfinov98_ @ddegemesss @MentaryMaulania lo kali yg tolol, org dibilangin yg bner mlh ngotot ini itu pke brainly, yg besar"" in masalaha y lo sndri",2022-09-09 19:32:28+00:00,0.0
310,310,1568277707859066880,Bill ğŸŒ¿ free tag,astrovies,"ANJIR COPAS DI BRAINLY, MALU MBA MALU https://t.co/KiSvmFnJz9",2022-09-09 16:38:37+00:00,0.0
317,317,1568269269976383488,bit ğŸ‘»,Bybitt27,ANJJ LUCU BANGET WKWKWKğŸ˜‚ğŸ¤£ TAPI GUE NYONTEK DI BRAINLY SALAH BANYAK ANJIINGğŸ˜­ https://t.co/KPzIvL5A7S,2022-09-09 16:05:05+00:00,0.0
337,337,1568240880502607878,âœ¿âœ¿âœ¿,sxnshineisme,@missunaaa_ @afrkml @erfinov98_ Malu ga ya ketauan copas dari brainly ğŸ˜­,2022-09-09 14:12:17+00:00,0.0
362,362,1568175688846561280,tio,kadyasandya,@afrkml @erfinov98_ @missunaaa_ MALU BANGET W BACANYA ALLAHUAKBAR jawab ginian ae copas brainly kek bocil sdğŸ˜­ğŸ˜­ğŸ˜­,2022-09-09 09:53:14+00:00,0.0
365,365,1568165408540344320,Deb,dalbichu,@missunaaa_ @afrkml @erfinov98_ Calon guru nyonteknya di brainly udah kayak anak sekolahan ğŸ˜¢,2022-09-09 09:12:23+00:00,0.0
378,378,1567812703070359554,"Homebody 2RU, Performers of B4KWAN, Joan",JUNKGYU,@Whonyoung SYIT BRAINLY LOADINGNYA LAMA,2022-09-08 09:50:51+00:00,0.0
439,439,1566770573920780288,KAIUEO,elugayy,angkatan corona ini lagi sibuk nangis liat soal tugas kuliah gaada kunjawnya di brainly,2022-09-05 12:49:48+00:00,0.0
445,445,1566707017678745600,"ACT, Donzio.",wooyoliung,@lohyeji soalnya klo tanya brainly kagak ade jawabannye :),2022-09-05 08:37:15+00:00,0.0
447,447,1566687752498065408,jğŸ˜,donghwamyboo,Brainly kadang sesat https://t.co/qBF9DWuw1i,2022-09-05 07:20:42+00:00,0.0
463,463,1566360063278989313,pegawaikerajaan,Randitamaaa,"Makan tuh brainly ğŸ˜„, para penikmat brainly mulai kewalahan. https://t.co/2azcNKzSlw",2022-09-04 09:38:35+00:00,0.0
471,471,1566238274191912960,hanjis bundar #MAXIDENT,jwisunghan,@kimusnoo kmu jgn terpaku sma brainly ntar ditipu mnding les aj yhağŸ™ğŸ»,2022-09-04 01:34:38+00:00,0.0
475,475,1566094223144730624,ğŸª¶ Agent Arsion of Power R4ngers,kimusnoo,"@jwisunghan k-kok.. padahal itu jawaban terbaik menurut brainly, hufet aku tertipu (kecewa)ğŸ˜”",2022-09-03 16:02:14+00:00,0.0
9,9,1568659535560318979,ghina. free tag,freuday,brainly bgt...ğŸ˜­ https://t.co/JK44nELtML,2022-09-10 17:55:52+00:00,1.0
13,13,1568653526074785797,pad âœ¦,skyycrumbs,"@h33babe @convomf nomer 1 sama 2 kaya gini caranya, nomer 3 ada di sini https://t.co/VuVET3hqFl https://t.co/kVOkECScDy",2022-09-10 17:31:59+00:00,1.0
17,17,1568649909750087684,iamconss,d4rkprincee,"lebih enakan dlu ya pke brainly tinggal copas, gk kyk skrg hrus nyari referensi sana sni"")",2022-09-10 17:17:37+00:00,1.0
37,37,1568592149444444160,abud universe,itsabudd,"kangen ngerjain tugas tinggal buka brainly ga sih
sekarang nugas kudu liat jurnal, nyari buku, dengerin rekaman dosen
ğŸ˜”ğŸ¤š",2022-09-10 13:28:06+00:00,1.0
79,79,1568529444125671424,marshallğŸ¥ ,auliamedicaa,Hahaha copas dari brainlyğŸ˜­ https://t.co/dZ3jhsd3VN,2022-09-10 09:18:56+00:00,1.0
112,112,1568484494117830656,nes,foucado,Terima kasih kepada brainlyğŸ™ğŸ» https://t.co/jOTHxefHOd,2022-09-10 06:20:19+00:00,1.0
122,122,1568478038932987904,(^â—•á´¥â—•^),ameowperson,"@monde_serena Benerr, â€œbuka brainly dulu yhh anak2â€ ğŸ¤£ğŸ¤£ğŸ¤£ğŸ¤£ğŸ¤£",2022-09-10 05:54:40+00:00,1.0
171,171,1568443798128332802,á´Šá´€á´‡êœ±ÊŸÊ,0reop1yyy,"kangen masa""brainly skrg harus cari jurnal yg ribetny ky tai",2022-09-10 03:38:36+00:00,1.0
182,182,1568434388492505088,r,kleidreprinz,NYARI DI BRAINLY https://t.co/pW67qxOQD3,2022-09-10 03:01:12+00:00,1.0
248,248,1568398511426908160,cyğŸ’«,spacetronout,Searching di brainly donggg mba nyaağŸ˜­ğŸ˜­ğŸ˜­ https://t.co/kCb3K8ZkQ2,2022-09-10 00:38:39+00:00,1.0
343,343,1568228131244494849,anakpertama âš¡,nat_sya_,@erfinov98_ Jangan lupa cari kata2 bagus dari brainly buat di paste di twitter,2022-09-09 13:21:37+00:00,1.0
347,347,1568224522465333251,ì¬í˜â±½Ë¡Ë¢ Õ±,JAEHYUKY8N,"Msh menunggu jawaban yg tpat, padahal ada di brainly hm /mlamun/",2022-09-09 13:07:17+00:00,1.0
348,348,1568223962651570177,ì¬í˜â±½Ë¡Ë¢ Õ±,JAEHYUKY8N,"@zsunwoou Ada di brainly xixi, gugel",2022-09-09 13:05:03+00:00,1.0
357,357,1568195291714850818,win,heylowinn,"Rindu dijaman kalo cari apa2 di internet bukanya brainly, sekarang harus jurnal ribet tae",2022-09-09 11:11:07+00:00,1.0
359,359,1568188279354425348,gossenlawone,realcallu,"KANGEN dulu nugas bisa pake brainly, ruangguru, quizziz. Sekarang harus baca buku (bahasa inggris lagi) :(",2022-09-09 10:43:15+00:00,1.0
377,377,1567815246102020096,æ³‰è°· à­§â¤âƒğŸ¢,mintyalatte,"@faakhryy1 kek gw dong man, liat brainly ğŸ˜ğŸ˜",2022-09-08 10:00:57+00:00,1.0
380,380,1567807008241512451,ï¸ï¸ï¸ï¸ï¸Ù,danqgerous,@chaerybelle Coba tanya brainly kok bisa keangkat,2022-09-08 09:28:13+00:00,1.0
385,385,1567708157023223809,HWI.,Eunhpwi,@jonghwo Kalau gitu tanya brainly. ğŸ˜”,2022-09-08 02:55:25+00:00,1.0
387,387,1567703589111631875,Gardara of GR4DUATION.,minvgyui,"@woofjin Hai woojin, kalau tugasnya susah bisa searching brainly. ğŸ‘",2022-09-08 02:37:16+00:00,1.0
395,395,1567549035535568898,soldin,strawbarrbie,"jadi aku lagi bergelud dengan mat sambil ngerjain tugas, lalu aku mencari di brainly, tERNYATA ADA WKWKWKKWKWKKWKW https://t.co/4TBEmsS6Ni",2022-09-07 16:23:08+00:00,1.0
397,397,1567508512993058822,va,ayamgepwrek,"@schfess brainly sahabatku, ui tujuanku",2022-09-07 13:42:07+00:00,1.0
399,399,1567485569902739458,HWI.,Eunhpwi,@bomiunn lu mending nanya sama brainly aja dah hyung.,2022-09-07 12:10:56+00:00,1.0
404,404,1567433375174246403,Ï€,feelikepsycho_,hidupmu ribet? brainly solusinya,2022-09-07 08:43:32+00:00,1.0
415,415,1567176684453134336,Alora.,ameathys,@kugnsaki Abis cek brainlyğŸ‘ https://t.co/RmNnRKN7Wj,2022-09-06 15:43:32+00:00,1.0
417,417,1567169558469050368,L i l y,flumblossom,"@athdeway Aku udah lupa cara nyeleseinnyağŸ˜­ coba cari di brainly , zenius, atau apa gituu?",2022-09-06 15:15:13+00:00,1.0
419,419,1567159312103145478,ğ“†©â™¡ğ“†ª,Whonyoung,"@JUNKGYU KAGAK LAH, pakai brainly",2022-09-06 14:34:31+00:00,1.0
422,422,1567144660145156096,alya âœ˜,cattleyagyu_,"Kalopun ada kan kadang ngga ada penjelasannya Gyu, nnt kalo disuruh maju gmn? Mending brainly saja ğŸ‘ğŸ» https://t.co/dPWdpXbHwh",2022-09-06 13:36:17+00:00,1.0
424,424,1567127695255048193,brightwin'sğŸºğŸ°,BalqisYasin,"""Diskusikan secara berkelompok contoh kegiatan ekonomi, seperti produksi, distribusi, konsumsi."" iya gua diskusi bareng gugel + brainly",2022-09-06 12:28:53+00:00,1.0
437,437,1566795041468649472,ipiy loves neil,peachmanu,kangen brainly deh,2022-09-05 14:27:02+00:00,1.0
438,438,1566792935437631488,ã²ã¨ã¿,ghaisene,"Thank Brainly, berkatmu aku bisa menjawab PR dari toer ^^",2022-09-05 14:18:40+00:00,1.0
441,441,1566757966577270784,kevindonothing_,ethaan10_,@pijaminaj brainly: saya siap membantu,2022-09-05 11:59:42+00:00,1.0
442,442,1566754491638349825,niken waslay,bukanironmaan,@khalendcimol coba tanya brainly,2022-09-05 11:45:54+00:00,1.0
448,448,1566673218832072705,cita citata,ravfathar,@dailyccaca kak caca lanjutin au nya di brainly aja,2022-09-05 06:22:57+00:00,1.0
450,450,1566633535514898432,"your friend, onel",haechantekkim,@umayshhhhb gw juga kagak tau jawabannya coba lu ce di brainly,2022-09-05 03:45:16+00:00,1.0
451,451,1566602809327247360,Lulu ğŸ¬ open po keychainğŸ“Œmt after dm,urmylulu,yg punya apk brainly tolonk donk frenn ğŸ˜­â˜ï¸ğŸ»,2022-09-05 01:43:10+00:00,1.0
459,459,1566417629207638016,Valen.,shithdead,Ini bisa liat brainly aja ga ya gua kangen buka brainly,2022-09-04 13:27:20+00:00,1.0
460,460,1566403519132958720,Ù‹ soobin.,soobiv,@xgsohara orang jepang lupa arti kata jepang terus percaya sama brainly yah.,2022-09-04 12:31:15+00:00,1.0
464,464,1566354851206172672,Raka.,tydYOUNGHOON,@INSIDEOUTxCA Makasih brainly,2022-09-04 09:17:52+00:00,1.0
465,465,1566349200161656832,dd Dori on duty! - @ after dm,KosanDori,@babufess otw nyari brainly,2022-09-04 08:55:25+00:00,1.0
467,467,1566327531250130946,senawa,dwocath,@fkelovee coba tnya brainly,2022-09-04 07:29:19+00:00,1.0
473,473,1566202352369278976,ysa ğ“†©â™¡ğ“†ª,oshysiea,kangen golek jawaban neng brainly lek ga ngono roboguru,2022-09-03 23:11:54+00:00,1.0
476,476,1566089050447982593,sapsap,ssaappssaapp,rindu nyari jawaban di brainly ğŸ˜­ğŸ˜­ğŸ˜­,2022-09-03 15:41:40+00:00,1.0
478,478,1566064721823801345,z i f a Â²Â² ğŸ¶ğŸºğŸ° ğŸ®||,hyuckiehoon,"Anjirrr udah ga ada ide lagi buat isi ppt jirrr, mana dulu pas SMA kalo ada tugas tinggal search di brainly, skrg di google kagak ada yg nyambung satupun:(",2022-09-03 14:05:00+00:00,1.0
481,481,1566049704978567168,qyuu,0pacarophilee,"sumpah sy mengakui rindu mencari jawaban lewat roboguru, brainly, mas dayatğŸ˜”",2022-09-03 13:05:20+00:00,1.0
484,484,1566002563417182208,ree â€¢ ia,hireshisei,"@osamuchuyaa Pke brainly, rata"" soal banyak di brenli wkwk",2022-09-03 09:58:00+00:00,1.0
495,495,1565918372420005888,Shifan ~ Feel free to mute ğŸ,chuuyya_,then again fisika bisa brainly sih,2022-09-03 04:23:27+00:00,1.0
497,497,1565862070259552256,Yeojin.,Yeojinnq,@orjoyi lho kita harus belajar lewat brainly,2022-09-03 00:39:44+00:00,1.0
499,499,1565814478368690176,siiGabut,anakgabutcuy,@FiersaBesari https://t.co/rw7MBX5e81 pasti sudah tau jawabannya,2022-09-02 21:30:37+00:00,1.0
500,500,1565743329299828738,Kenneth ğŸ’•,Taevr95,"@tanyakanrl Kim Seokjin Member Red Velvel nder, yang salah satu lagunya 'alcohol free'. Cari aja coba di brainly. Pasti ada",2022-09-02 16:47:54+00:00,1.0
511,511,1565531882175217665,aura,uraaa_1106,@cumavanii Di brainly emang ada ğŸ˜­,2022-09-02 02:47:41+00:00,1.0
513,513,1565495428703211520,Akar Pohon.,Dheimora,@dinotauwrus Gausah bingung kan ada brainly,2022-09-02 00:22:50+00:00,1.0
515,515,1565356085753839616,naoi ğŸ’,naonreii,"klau ga tau coba tanya brainly, biasanya dia bisa jawab soal2 itungan https://t.co/CFXBUVtgws",2022-09-01 15:09:08+00:00,1.0
540,540,1564886495290605568,delğŸ°fb ok!!,Shmjk_,@jayratupark Ogah njir di brainly juga ada,2022-08-31 08:03:09+00:00,1.0
546,546,1564597323237171200,jian â˜†,jianutshell,"ngl, aku kangen nugas tinggal nyalin brainly",2022-08-30 12:54:05+00:00,1.0
560,560,1564266198510239746,fckuhaha,idchonestlyhaha,berasa brainly HAHA ğŸ˜­ https://t.co/dBWCSQ5s9B,2022-08-29 14:58:19+00:00,1.0
568,568,1564215649978949633,Ê€ á´€ Ê€ á´€,lostxqveen,"@convomfs quotes yearbook punyaku :
""makasih brainly kamu penyelamat hidupku""",2022-08-29 11:37:27+00:00,1.0
571,571,1564133723179585536,Ù‹,Builde,@parkjidhoon Aku pakenya brainly,2022-08-29 06:11:54+00:00,1.0
574,574,1564035849360375809,ğ’hashaÂ²âµ,Ioveshaa,"@ingingambis @schfess Agree!!. Aku selama daring tuh ngang ngong ngang ngong doang. Materi ga dijelasin cuma disuruh nonton yutub tiba tiba dikasih tugas, mau tanya ke gurunya tuh gaenak, kl offline ka kl ga paham bisa langsung tanya. Trs juga kl online tuh biasnya liat brainly",2022-08-28 23:42:59+00:00,1.0
576,576,1563932261040664577,Sohee!,eoheez,@jjongsseng Pertanyaan yang sulit dijawab brainly.,2022-08-28 16:51:22+00:00,1.0
587,587,1563800793916006400,(â—•á´—â—•âœ¿),pastintuy,"@sobathanyut @collegemenfess dahh udhh tenang tenang, pake brainly aja gratis",2022-08-28 08:08:57+00:00,1.0
597,597,1563689159436673024,Nadja Thiara,ThiaraNadja,"@detikcom Meski itu dari brainly, isinya sama kok dengan Undang-Undang Nomor 26 Tahun 2000 tentang Pengadilan Hak Asasi Manusia, terutama pasal 6, 7 dan 8",2022-08-28 00:45:22+00:00,1.0
617,617,1563233385585459202,Aislinn. ğŸ»,aislienna,@ardhierja Coba tanya sama brainly biasanya dia pinter kk. 2ğŸ˜Š,2022-08-26 18:34:17+00:00,1.0
623,623,1563141191780438016,Êš R É,VC01RYUJIN,@VC04HANNI Brainly banget ga tuh wkwkw jawab dari segala pertanyaan ya ğŸ˜­,2022-08-26 12:27:56+00:00,1.0
628,628,1562848942567501825,Rei.,Slovmotion,@ssefnum Special thanks to brainly (ini dari replyan orang di base juga sih aku nyontek doang),2022-08-25 17:06:38+00:00,1.0
632,632,1562797884357021696,Bhayang jingga,bhayangjingga,@ayukozil Jawaban nya di brainly... Kak' ğŸ˜ğŸ˜,2022-08-25 13:43:45+00:00,1.0
633,633,1562764431632654336,Diandra,ddinn_14,Udh lah besok liat brainly aja ğŸ‘,2022-08-25 11:30:49+00:00,1.0
636,636,1562719357540900865,v,heheinaja,@blublekblublack Tiada hari tanpa brainly,2022-08-25 08:31:43+00:00,1.0
655,655,1562311436201627648,2ï¸âƒ£0ï¸âƒ£,MJ_RMCF,"@realmadridindo1 Tinggal search di brainly juga ada sebenernya, emang doi ngeles gamau keliatan salahğŸ¤£ https://t.co/3D2BHCpfo1",2022-08-24 05:30:47+00:00,1.0
662,662,1562058195849265154,Mikko,mikkoncol,@0hgituya itu d brainly lo udh ngsih jwbn astaghfirullah,2022-08-23 12:44:30+00:00,1.0
667,667,1561951980280741888,Abiyyu î¨€,PadantyaAbiyyu,@jhonbu345 @dennisbawole13 Orang jago ya pake Brainly lahhh,2022-08-23 05:42:26+00:00,1.0
669,669,1561935287915532288,changbin,SOBCHANGBIN,@YAOIBASERP yuk sini kita cari jawabnya di brainly,2022-08-23 04:36:06+00:00,1.0
673,673,1561744782699155456,ryazry,decaprioallegra,"ayo tugas serang gue, gue udah siap buka brainly",2022-08-22 15:59:06+00:00,1.0
676,676,1561722997610024961,Ken_(K/ia),stillalive101,@meggumif Tanya brainly aja.,2022-08-22 14:32:32+00:00,1.0
677,677,1561714155203461120,Eliodora.,fairiescent,@delicatous brainly dan mas dayat adalah jalan keluarnya,2022-08-22 13:57:24+00:00,1.0
692,692,1561344377955307520,Ai,pls_mypriv,@padukagibran Tanya jawabannya di brainly gib,2022-08-21 13:28:02+00:00,1.0
693,693,1561333312643547137,Key Luviana,keyluvee,Kudu buka Brainly karena lupa Sistem Bilangan Non-Biner apa saja :â€™) https://t.co/hKXXyhdUwg,2022-08-21 12:44:04+00:00,1.0
703,703,1561030675008229377,Kevlar î¨€,enwuuo,"@xiaourus @convomfs cari deh, nama aplikasinya brainly",2022-08-20 16:41:30+00:00,1.0
720,720,1560840442417389568,LusiğŸŒ¸,lusisilusilu,@sbyfess cb tnya brainly,2022-08-20 04:05:35+00:00,1.0
733,733,1560500608339087360,Nurjanah (NJ),smnurjanah,"@lilismisna Brainly ini kek rindu, candu :"")
Ngelepasin anak dari Brainly tu.......... Sekarang sekolah jg bawa dan pakai HP buat tingkat SMA",2022-08-19 05:35:12+00:00,1.0
741,741,1560260191316090880,ğŸ ,qytealaa,@tanyakanrl makasi brainly,2022-08-18 13:39:52+00:00,1.0
743,743,1560256192881930240,Ruuuiiii!,ruiIicious,"@ssefnum Roboguru, tapi kemaren aku ngecek brainly pas ngajar, yang sekarang juga terpercaya sih..",2022-08-18 13:23:59+00:00,1.0
746,746,1560220659602509825,uiuiu,otwtipes,@tanyakanrl terima kasih brainly,2022-08-18 11:02:47+00:00,1.0
767,767,1559756197657722882,AyağŸ¦–,madeby_aya,memank brainly penyelamat para pelajar indonesyağŸ™ğŸ»ğŸ‘ğŸ»,2022-08-17 04:17:11+00:00,1.0
781,781,1559410799156031488,sher || haechan au ğŸ“Œ,jjoannshre,brainly ini membuat saya tbtb jadi pintar emteka https://t.co/7XthrSdpli,2022-08-16 05:24:41+00:00,1.0
787,787,1559156690909790209,Ajun,txtyeomnjun,@chimonisasi gpp ada brainly,2022-08-15 12:34:57+00:00,1.0
800,800,1558721514023059461,sejun #zephyr,itzsejun,@cixbaej Hahah plotwistnya gitu amat dah hahaha cari rumus mah mudah di brainly aja hahhaa,2022-08-14 07:45:43+00:00,1.0
806,806,1558458094970998786,â„ï¸ ë¡œì œ #SHUTDOWN,rolsej,Ko bener? Nanya ke brainly ya? https://t.co/M3ieECzCeF,2022-08-13 14:18:59+00:00,1.0
837,837,1557601381753982976,ğŸŒ—,1203vseverybody,@erphemere ntar agak sorean pasti di brainly ada kokk :'),2022-08-11 05:34:42+00:00,1.0
838,838,1557596152941674496,Chik,buahpirdanapel,Gue nyari pw nya eh ada di brainly dimas anjay mabar https://t.co/fjcf6c6BCh,2022-08-11 05:13:56+00:00,1.0
857,857,1557223801905348609,igela,jaeminwle,kalo kagak paham lu tanya brainly dah,2022-08-10 04:34:20+00:00,1.0
858,858,1557219247461650434,odi,disauyang,@moonareas tnya brainly,2022-08-10 04:16:14+00:00,1.0
863,863,1556989083628343296,Kei FB BANHH,saeky0u,"@Gennarrumi Mana gue tau anceritt, coba km tanya brainly knp hujan turun",2022-08-09 13:01:39+00:00,1.0
868,868,1556938989902663680,Savero.,saverocn,Cari jawaban di brainly. https://t.co/CvCk0RZXTu,2022-08-09 09:42:36+00:00,1.0
869,869,1556844474885517312,respati,Arush691,@ashfiyatedaa km tnya brainly ajh ak jd takut jd ny,2022-08-09 03:27:02+00:00,1.0
872,872,1556717318956544000,User15182931107,Syaitonirojiim,@awrnsz Cari di Brainly aja kak,2022-08-08 19:01:45+00:00,1.0
876,876,1556634737984548864,dillllll,gooddayy_11,@razenstark @arkanstvn ada brainly semua masalah tgs teratasi wkwkwk,2022-08-08 13:33:37+00:00,1.0
881,881,1556497715944513536,kejia,onlykej,beneran hari ini temen gue google sm brainly doang,2022-08-08 04:29:08+00:00,1.0
887,887,1556304406185795585,Jooyul,_JooyulWon_,"@enyllowon Semangat deh lu, brainly aja",2022-08-07 15:40:59+00:00,1.0
892,892,1556172513717104640,JS.,dnouma,@Our_Trauma brainly penyelamat hidup,2022-08-07 06:56:54+00:00,1.0
893,893,1556170095596285952,YH.,youenghoon,@Our_Trauma brainly adalah sahabatku,2022-08-07 06:47:17+00:00,1.0
2,2,1568716280278163456,the AlmÃ¡nzar's quotes hourly,dailyalmnzrs,"my mom: harus jujur, di kerja kuliah nanti gabisa nyotekÂ² me: oke also me: brainly, photomath, google",2022-09-10 21:41:21+00:00,2.0
4,4,1568705194866909187,Gak dulu,gakdolo,"RT @urikaeureka: @Hana_restu20 @howlisheet @LycentusProm @infotwitwor_ Mjb, yg paling lucu itu ada bahan debat dia yg dia copas dri brainlyâ€¦",2022-09-10 20:57:18+00:00,2.0
6,6,1568684916266921984,heyyo,tiramisyuwww,WKWKWKW MANA COPASNYA DARI BRAINLY LAGIğŸ˜­ https://t.co/d5tTJ1ZS0e,2022-09-10 19:36:43+00:00,2.0
7,7,1568662565391302658,ciaa â€¢kinda iaâ€¢,Selendpty,lagi sibuk copas dari brainly https://t.co/3Mnt2X0dp8,2022-09-10 18:07:54+00:00,2.0
8,8,1568661463262429184,eka,xelemoon,"pentingnya memparafrase sblm mengutip biar ga ketauan copas, dari brainly lgiğŸ˜” https://t.co/U3X1cmGU0U",2022-09-10 18:03:31+00:00,2.0
10,10,1568657412089061376,á´˜á´sá´‡Éªá´…á´É´,heyitsposeidon_,ni mba nya katanya calon guru.. nanti di kelas ngasi pertanyaan nyari dulu di brainly kah.. nanti nyari jawaban bareng2 sm murid nya di brainly kah.. https://t.co/MzeriGhatH,2022-09-10 17:47:25+00:00,2.0
11,11,1568656529666244610,rool,Benerrbenerr,@ratcunmu @AREAJULID Mana brainly lagi,2022-09-10 17:43:55+00:00,2.0
14,14,1568653038788935680,nosecretbutprivate,oreoreokw,"@infotwitwor_ @crescendojimin lucunya tuh udah ketahuan copas brainly tp gak ngaku, malah denialğŸ˜­ğŸ˜­ padahal ketikan aja udah plek ketiplek persis sama begitu wkwk",2022-09-10 17:30:03+00:00,2.0
15,15,1568652657589616640,nosecretbutprivate,oreoreokw,"@indra24 @eka_Priha @infotwitwor_ isi bab 2 nya dari brainly kakğŸ˜” dafpusnya jadi nanti ada 2, ""menurut saya...."" dan ""brainly""",2022-09-10 17:28:32+00:00,2.0
19,19,1568646476552871937,Ge,besteuboy,@youtubwe eh tp dia paraprase dikit kok itu dokternya dia huruf pertamanya kapital kalo di brainly huruf kecil. https://t.co/xwKV90VkgL,2022-09-10 17:03:58+00:00,2.0
21,21,1568642154205151232,alee kinda ia,towlust,"@Askrlfess sama nder:"") masih bingung gmn hidup kuliah ki tanpa brainly",2022-09-10 16:46:48+00:00,2.0
22,22,1568634363100930050,elen,velenciaaaa,"@collegemenfess klompok gua ada wktu itu 1, bner bner gda kontribusinya sama sekali, ngomongin cowooo mulu, ga masalah gua kalo bener ngerjainnya, bagi tugas aja malah dia cari di brainlyğŸ˜­, ujungnya ga kepake samsek jawabannya, pen gua tegur cuma masi baru jd temen",2022-09-10 16:15:50+00:00,2.0
24,24,1568630161951850497,Hansha,hansecstasy,"Eriska. Kata gue mending lu mulai baca baca gimana buat proposal, jurnal sama penyusunan skripsi. Dimana sumbernya gabisa comot dari blogspot, brainly, atau semacamnyağŸ¤ŒğŸ»

Nanti kamu dilibas sama dospemmu nyangkal lagi pake kalimat sakti ""anak pertama dan Scorpio""ğŸ¤ŒğŸ»",2022-09-10 15:59:09+00:00,2.0
25,25,1568621085893210112,qys | SPOTIFY OPEN,filmitgo,"RT @filmitgo: mba Eriska debat sama ners pakai ilmu brainly wkwkwk mending relax dulu deh pakai SPOTIFY PREMIUM, YUK AMAN DAN LEGAL 1 BULANâ€¦",2022-09-10 15:23:05+00:00,2.0
26,26,1568620454537232384,damn,dikaamn_,"@OHMYV3NUS nyarinya di brainly, biar sama kek eriska kemaren",2022-09-10 15:20:34+00:00,2.0
28,28,1568614355377455110,her,yourbabyayas,"kgn bgt cari jawaban di brainly, bukan di jurnalğŸ˜”â˜ï¸",2022-09-10 14:56:20+00:00,2.0
29,29,1568613782301331462,pita,akusiapa__55,@ratcunmu @AREAJULID kok bisa copas brainly ğŸ˜­ aku aja kalo nyari jawaban di brainly sering salah,2022-09-10 14:54:03+00:00,2.0
30,30,1568613247888273414,aku,rgnaptr,"RT @TheRed_Wizard: @hazelnutrain @infotwitwor_ Gugel pasti itu, brainly nongol paling atas. 
Ada kah yg kenal mbak2 Scorpio ini di RL, Depoâ€¦",2022-09-10 14:51:56+00:00,2.0
34,34,1568600042206035972,#ThankyouTuchel,ariefbros,"Sekarang kalo nyari jawaban jangan pake brainly, udah banyak yang tau https://t.co/fyRT1AmTvO",2022-09-10 13:59:27+00:00,2.0
35,35,1568599289533956097,Pras,acetinalamine,Jawaban tutor ga ada di brainly apa?,2022-09-10 13:56:28+00:00,2.0
38,38,1568591027501699072,Ù‹ vin! ğŸ± fb yh mniezzz,jaemhist,BRAINLY WKWKWKWK https://t.co/lpcBAL7A1s,2022-09-10 13:23:38+00:00,2.0
39,39,1568585933943115780,ryn ! ğŸ…´ | FOSSORA OUT SEPT 30TH ğŸ„,rynark,@dduuhb @infotwitwor_ pake brainly bgt lagi ğŸ’€ğŸ’€,2022-09-10 13:03:24+00:00,2.0
43,43,1568571033388711937,ryuu,mytsuitta,EriskağŸ˜­ğŸ˜­ sampe nyari jawaban di brainly lohğŸ˜­ https://t.co/ia6TRYPvlM,2022-09-10 12:04:11+00:00,2.0
44,44,1568570499625787397,English with Miss Ririn,hermionyyye,"@afrkml Top global Brainly user mah dia wkwkwk, seriusan ngakak bgt liat replies-an dia ğŸ˜­",2022-09-10 12:02:04+00:00,2.0
47,47,1568565514603208705,SyaağŸŒ™,Jijelily3010,"Gimana nanti kalau skripsian? Masa ambil sumbernya dari brainly ğŸ˜“ğŸ˜“
https://t.co/FcrsqBZCwY",2022-09-10 11:42:15+00:00,2.0
50,50,1568562963451383808,Mase Runner ğŸƒ,Adimskii,@hnybnnys Ngakak waktu ke gap dpt jawaban di brainly wkwk,2022-09-10 11:32:07+00:00,2.0
51,51,1568562713655394305,Juan,CeOofjoe,"Sekarang nyari jawaban kudu nyari jurnal dulu huhuhu
Kenapa ngga ada brainly versi kuliah siii???",2022-09-10 11:31:08+00:00,2.0
54,54,1568561321549139968,Fierce Lion,Whi_Lion,@infotwitwor_ Opini yg copas dari brainlyğŸ˜­,2022-09-10 11:25:36+00:00,2.0
55,55,1568560077040406530,nasigorengkaretdua,bentarmauminum,PLIS INI NGAKAK BNGT KETAUAN COPAS DR BRAINLY LOğŸ˜­ğŸ˜­ğŸ˜­ https://t.co/EgX8jjT6XQ,2022-09-10 11:20:39+00:00,2.0
56,56,1568559090095525894,Nikennn,Niken_2508,@hnybnnys Blio ni yg debat tp copas brainly kan ğŸ˜­,2022-09-10 11:16:44+00:00,2.0
57,57,1568557982950260743,a,tepungpati,Aowkwk copas brainly ğŸ’€ https://t.co/HVF5CpRMul,2022-09-10 11:12:20+00:00,2.0
59,59,1568557196270784515,Van || nomin privatter ğŸ“Œ,essevans,@jenjaem0_2313 padahal di google banyak wkwk gapapa timbang nanya di brainly gue yg malu ğŸ˜­,2022-09-10 11:09:12+00:00,2.0
62,62,1568552969066655744,4,markfshere,WKWKWKWK COPAS BRAINLYğŸ˜­ https://t.co/dVEoBPXmYR,2022-09-10 10:52:24+00:00,2.0
64,64,1568551190006493184,shey,deIoriell,AKWKWKW COPAS BRAINLY https://t.co/mPJobxnlT8,2022-09-10 10:45:20+00:00,2.0
65,65,1568550925220073478,afida,maungz_,idih buka brainlyğŸ˜­ğŸ˜­ğŸ˜­ https://t.co/cfQQWSXmM5,2022-09-10 10:44:17+00:00,2.0
66,66,1568550917582241792,anya,kkaerinas,@srjanairmineral @myjjaksarang @sendalIjenner @AREAJULID Wkwk dari brainly kan? Ketawa banget bacain dari semalem. Terus dia mention juga kalau dia calon guru. Sampai segitunya banget kenapa ya dia. ğŸ˜­,2022-09-10 10:44:15+00:00,2.0
67,67,1568550254764761089,ndy,cottonhubby,"@infotwitwor_ lawak bgt mbaknya nyontek brainly, padahal brainless",2022-09-10 10:41:37+00:00,2.0
68,68,1568547848421277698,Van || nomin privatter ğŸ“Œ,essevans,@njmlatte_ terlalu kreatif. untung kaga nanya di brainly,2022-09-10 10:32:03+00:00,2.0
77,77,1568533614308261889,ğŸŒ¥,fairyhnie,MALU BGT BRAINLY https://t.co/E4HAH1KB4X,2022-09-10 09:35:30+00:00,2.0
78,78,1568531399711559681,LISGON,MinisterYiyis,GAK TERIMA SSAN WEB BRAINLY ZENIUS ALODOC GEPREK BENSU,2022-09-10 09:26:42+00:00,2.0
80,80,1568527818035982336,Naci.,pufvv,BRAINLY WKWKWKKW https://t.co/8vI5vjCfq3,2022-09-10 09:12:28+00:00,2.0
81,81,1568526785176023042,raa,nanalvme,Copas dari brainly dong wkwk ğŸ˜­ https://t.co/dJpIBhvs5C,2022-09-10 09:08:22+00:00,2.0
83,83,1568524938155540481,Markii,dailyymarki_,"Kangen masa"" brainly sekarang hrs cari jurnal yg ribet nya kaya taiğŸ˜ƒ",2022-09-10 09:01:01+00:00,2.0
84,84,1568524739894976515,bbyong ğŸ¯,diseongwu,WKWKWK DARI BRAINLY SATTT ğŸ˜­ğŸ˜­ğŸ˜­ https://t.co/XdIY7oP91z,2022-09-10 09:00:14+00:00,2.0
87,87,1568513555015823363,thisyourbaes,thisyourbaes1,@cimothy_sky WKWKWKW ga malu apa yak wkwkwkkw MAKE BRAINLY,2022-09-10 08:15:47+00:00,2.0
92,92,1568508410186055680,melğŸ°ğŸ’œ,sorrijillowww,LUCU BANGEY TOLONK COPAS BRAINLY????#?@;*;$(#ğŸ˜­ğŸ˜­ğŸ˜­ğŸ˜­ğŸ˜­ğŸ˜­ğŸ˜­ğŸ˜­ğŸ˜­ğŸ˜­ğŸ˜­ https://t.co/bjnxPIPbbY,2022-09-10 07:55:21+00:00,2.0
94,94,1568503564166926336,linÊ‡ â€¢ ğŸŒ¼,llinntge,"@tebakhurufx @infotwitwor_ Wkwk data dia dari brainly, bukannya kuliah udah mulai setidaknya pake kata ""pdf"" diakhir kalo search biar dapet jurnalğŸ’€",2022-09-10 07:36:05+00:00,2.0
95,95,1568502747917594626,casa,everaythings,@megntion MANA ARGUMENNYA COPAS BRAINLY LAGI WKWKWKWKW CAPE,2022-09-10 07:32:51+00:00,2.0
98,98,1568496025018716160,ubi,busanned,@leadersenthu mana copasnya dari brainly lagiğŸ¥²,2022-09-10 07:06:08+00:00,2.0
99,99,1568495091819610112,damn,harderrrrrrrrr,ngakak banget copas brainly https://t.co/AUJednObUr,2022-09-10 07:02:25+00:00,2.0
100,100,1568494680480030723,Adel,YASlNTA,COPAS BRAINLY AHAHA KOMEDI BGT ERISKA NI https://t.co/36zvghCcsZ,2022-09-10 07:00:47+00:00,2.0
102,102,1568494054887034885,âœ¿ * Â· free tag,myoiminy,anying copas brainly malu bgt https://t.co/deHLkcPp7I,2022-09-10 06:58:18+00:00,2.0
103,103,1568493933382238209,rama,ugawasora,NYARI DI BRAINLY WKWKWKEKEK https://t.co/Vrs1eOSn8Q,2022-09-10 06:57:49+00:00,2.0
104,104,1568493833650081793,ğŸ°,nrhwkhyrn,@infotwitwor_ Masih sempet serrch brainly bengek banget yatuhan hahahağŸ˜­,2022-09-10 06:57:25+00:00,2.0
105,105,1568493267892961280,áµ›áµreeáµ‡Ê·,ggukmetawins,smstr 5 tp sumber literaturnya BRAINLYğŸ˜­ğŸ™ğŸ¼ https://t.co/ZcGaU0PwvY,2022-09-10 06:55:10+00:00,2.0
106,106,1568491660769894400,aku remahan,monde_serena,"@ameowperson Wkwkwk... sak durunge pelajaran, kon buka brainly ğŸ¤£",2022-09-10 06:48:47+00:00,2.0
114,114,1568482680194633732,doyiieğŸ°,jenoleenoona,Wkwkwkw calon guru masa search kudu brainly siğŸ˜­ nanti kamu kalo ditanyai muridmu masak kudu buka brainly duluğŸ™ lebih pinter muridnya nanti kayaknyağŸ™ semoga aku kalo keterima jadi guru (gtw kapan krn dah cape nglamar wkwk) nanti tidak sotau seperti diağŸ˜­ğŸ™ https://t.co/2H20f5lHSj,2022-09-10 06:13:06+00:00,2.0
116,116,1568480935745826816,inai curtis,ianpurnama_,@upilpil @erfinov98_ Guru brainly wajar ahaha,2022-09-10 06:06:10+00:00,2.0
118,118,1568480387999084544,u l i,uIzangg,BUSETTT COPAS DARI BRAINLY GAK TUH ğŸ˜­ğŸ˜­ğŸ˜­ https://t.co/tsOui3EolD,2022-09-10 06:04:00+00:00,2.0
119,119,1568479567895236608,ind. kata gw sih lo harus nonton Little Women.,cocacolabeen,JANJI GA COPAS BRAINLYğŸ˜­â˜ https://t.co/5iN6gIBhgK,2022-09-10 06:00:44+00:00,2.0
120,120,1568479425276280833,â Cimol Nguap â,sbtgenssprod,KETAWA BGT PAKE BRAINLY https://t.co/KcOLecS0Yt,2022-09-10 06:00:10+00:00,2.0
121,121,1568478323323604995,tidak boleh kosong,apaasiii__,@infotwitwor_ Ngakak copas di brainlyğŸ˜­ğŸ˜­ğŸ˜­,2022-09-10 05:55:47+00:00,2.0
126,126,1568475268012212225,slai olai,amorsalt,Awokwowkowwk brainlyğŸ˜­ https://t.co/nbn8aDPpQv,2022-09-10 05:43:39+00:00,2.0
128,128,1568472636908531712,iyen,findingmahae,@hyuckforever debatnya kocak anjrit brainly vs jurnal,2022-09-10 05:33:12+00:00,2.0
130,130,1568471497320308736,ini depi â— kinda ia,bulnoriyawy,"Gue pernah punya temen satu spesies kek eriska, dan rasanya tuh tiap hari pengen gulung gulung sambil nangis di lapangan. User brainly, use google, tp dengan pedenya ngajarin temen temen yang lain. Like, ""pedoman lo cuma hp kok bisa bisanya lo sok-sok an ngajarin mereka?""",2022-09-10 05:28:40+00:00,2.0
140,140,1568465953389957127,ğŸ¦‹,orchidoniq,yg bagian copas brainly ini ngakak banget sih ğŸ˜­ https://t.co/Mgzu9vXgYu,2022-09-10 05:06:38+00:00,2.0
141,141,1568465612816666624,kucing pecian,jaykikesal,Wkwkwk copas brainly ğŸ˜­ğŸ˜­ https://t.co/YnZCVz4BIL,2022-09-10 05:05:17+00:00,2.0
142,142,1568464688740192256,D-? ğŸ¦‹ // kinda ia,Bubblebeexy,"Ngakak bgt, copas dri brainly ğŸ˜­ğŸ˜­ğŸ˜­ğŸ˜­ğŸ˜­ğŸ˜­ https://t.co/XDmm1aLjcR",2022-09-10 05:01:37+00:00,2.0
143,143,1568463791838621697,gtğŸŒ  @ stresso,raideans,Ngakak copasny dri brainly... https://t.co/TuNUH2MIIK,2022-09-10 04:58:03+00:00,2.0
145,145,1568462915631747074,â˜†,ven5i,WKWKWK COPAS DRI BRAINLY DONG...ğŸ’€ğŸ˜­ https://t.co/piyhpEFcVK,2022-09-10 04:54:34+00:00,2.0
155,155,1568453284696059904,domar ğŸŒ’,screedipai,ya Allah copasnya dari brainly banget ğŸ˜­ https://t.co/0nSeiDpTtc,2022-09-10 04:16:18+00:00,2.0
158,158,1568452301505044489,Ù ğŸï¸ | streaming #ForeverOnlyâŒ›,KnowDouun,@wethealblow Bener banget mana sempet ke gep copas dari brainly juga data yg dia kasih dari artikel internet haduhğŸ˜­ kasian tapi ya dia kaga mau ngalah,2022-09-10 04:12:23+00:00,2.0
164,164,1568449172399095809,chamet ia dikit,naravyit,APAANSIII SUMPAH ğŸ˜­ğŸ˜­ğŸ˜­ğŸ˜­ğŸ˜­ JANJI GA DARI BRAINLY? ğŸ˜­â˜ğŸ» https://t.co/qGsIxynRRp,2022-09-10 03:59:57+00:00,2.0
166,166,1568447344450093062,Silverwood.jasmine,muridmakheenim,"@cimothy_sky Katanya dia calon guru, kok pakek brainly?",2022-09-10 03:52:41+00:00,2.0
167,167,1568447016103202819,fafa. â™¡,crotchsicker,"@convomf 10. Aku liat di brainly kok malah dijawab nasi goreng anjrit ğŸ˜­
12. Keripik singkong kusuka",2022-09-10 03:51:23+00:00,2.0
196,196,1568427782430167040,knock knock,whooistheree,@infotwitwor_ copas dr brainly bgt g tuhğŸ˜­,2022-09-10 02:34:57+00:00,2.0
205,205,1568421953589104640,ğŸ‘€,sftbey,Ya Allah dr brainlyğŸ˜­ğŸ˜­ğŸ˜­ğŸ˜­ https://t.co/kYHPVVhaNe,2022-09-10 02:11:48+00:00,2.0
206,206,1568421916201066497,sheilla,takatpa,@notdmx Lucu parah si dari brainly ğŸ˜­ğŸ˜­,2022-09-10 02:11:39+00:00,2.0
210,210,1568418774520573952,sha,ppeachss14,@infotwitwor_ BISA BISA NYA NYARI JAWABAN D BRAINLY WKAKWKAKAAK,2022-09-10 01:59:10+00:00,2.0
211,211,1568418219173761024,mayz â¤® MAXIDENT,yoohseungg,DARI BRAINLY ANDJHSWUWHDGHE https://t.co/nhk3Y2SMSZ,2022-09-10 01:56:57+00:00,2.0
215,215,1568416690790367233,a learnerğŸŒ¸,imyouroje,BRAINLY BGT GA TUH https://t.co/jHINtydKLw,2022-09-10 01:50:53+00:00,2.0
216,216,1568416444211425280,clementine,prehgyu,NGAKAK BANGET ANJIR NYARI DI BRAINLY KAYA GUE PAS SMP https://t.co/k9p0Q2TDzJ,2022-09-10 01:49:54+00:00,2.0
217,217,1568415567132114944,Nis~ ğŸ¥‚ğŸ»ğŸº,Aegyochan1,"@infotwitwor_ Yang menjadi pertanyaan apa sebagai mahasiswa dia gapernah dengerin atau di kasih tau bahwa berdebat make brainly itu ga relevan? ğŸ˜‚ Orang tugas aja gaboleh ngutip brainly, artikel dkk harus jurnal biasanya.",2022-09-10 01:46:25+00:00,2.0
225,225,1568411525651771392,nat,txtmaqic,WKWKWKKWWK COPAS DARI BRAINLY https://t.co/QXsbhemdaQ,2022-09-10 01:30:22+00:00,2.0
231,231,1568408882539823104,c,cheesqy,brainly ğŸ˜­ğŸ˜­ğŸ˜­ jujur ini same energy as dramanya shafa yg kader golkar itu https://t.co/OcfNSI1kEe,2022-09-10 01:19:51+00:00,2.0
232,232,1568408041623797761,"han, S.Kd ğŸª â€¢â€¢ kinda ia",xsyeulova,brainlyğŸ˜­ğŸ˜­ğŸ˜­ dah gitu msih ga ngaku https://t.co/y23X4qyhyX,2022-09-10 01:16:31+00:00,2.0
235,235,1568406722909450241,âœ¦ Cy âœ¦,bluebericiskeq,WKWKWK COPAS BRAINLY https://t.co/E2jItC7Hb0,2022-09-10 01:11:16+00:00,2.0
236,236,1568405978785398786,natasha,yeuriems,"@infotwitwor_ brainly: ""maaf kalau salahğŸ™""",2022-09-10 01:08:19+00:00,2.0
238,238,1568405599892951042,ochi / free tag,yoshiunbraw,Wkwk brainly anjhggvyu https://t.co/8kIScne3BI,2022-09-10 01:06:49+00:00,2.0
240,240,1568404157857660929,fay.,yeocchin,HAHAHAH JAWABAN DR BRAINLY NGAKAK https://t.co/d6SFSLFagC,2022-09-10 01:01:05+00:00,2.0
243,243,1568402991040073728,ğŸ¦„,Heldaaprilianti,mending diem deh mbak sampe copas dari brainly lohğŸ˜­ https://t.co/pXYL8yiTjr,2022-09-10 00:56:27+00:00,2.0
246,246,1568402489401290754,jel,dazzlesunn,puncak komedi bgt copas brainly ğŸ˜­ğŸ˜­ https://t.co/KCocc81jzM,2022-09-10 00:54:27+00:00,2.0
250,250,1568396233722691585,bbÃ¿,alifiaadayang,@hazelnutrain @infotwitwor_ NGAKAK BGT tp kok bisa kepikiran search jawaban di brainly yağŸ˜­ğŸ˜­ğŸ˜­ğŸ¥²ğŸ¤£ğŸ¤£,2022-09-10 00:29:36+00:00,2.0
352,352,1568211623164395523,HWI.,Eunhpwi,@bomiunn Kapan mau jadi ceo brainly?,2022-09-09 12:16:01+00:00,2.0
360,360,1568186908827881473,pegawaikerajaan,Randitamaaa,Sma? Aneh bener masa sma gaboleh bawa hp. Kan bisa buat brainly https://t.co/bYMvu0KBGw,2022-09-09 10:37:49+00:00,2.0
361,361,1568184691643265024,ï½ˆï½•ï½ï½’ï½•ã€€èŠ± ğŸ,polcaesthetic,Klo di brainly ada sistem poin ny jg kn ya,2022-09-09 10:29:00+00:00,2.0
367,367,1568145638638120960,Fia ğŸ¯ğŸ€ğŸ¤–,hikumachi_,"@treasuremenfess Udah kaya brainly ya nder
""Maap kalo salah"" ğŸ˜­",2022-09-09 07:53:49+00:00,2.0
374,374,1567852312831602692,kin,renjleyy_,terkadang jawaban teman sperti brainly saat kita bertanya,2022-09-08 12:28:15+00:00,2.0
375,375,1567846020868079618,Film semi bokep thailand korea jepang cina diblok,FDiblok,apa desain pola lantai yang digunakan pada tari pendet jelaskan brainly,2022-09-08 12:03:15+00:00,2.0
396,396,1567523760512847872,fiyo,hoancock,kenapa ga boleh pake brainly aja,2022-09-07 14:42:42+00:00,2.0
